state,crop,category,production_tonnes,farm_gate_value_m_aud,pollination_dependency,pollination_value_m_aud
New South Wales,Apples,Fruit,38952.52,88.37,1.0,88.37
Victoria,Apples,Fruit,130176.76,295.32,1.0,295.32
Queensland,Apples,Fruit,30074.95,68.23,1.0,68.23
South Australia,Apples,Fruit,27256.36,61.83,1.0,61.83
Western Australia,Apples,Fruit,29192.6,66.23,1.0,66.23
Tasmania,Apples,Fruit,29522.81,66.98,1.0,66.98
New South Wales,Cherries,Fruit,4179.02,72.6,1.0,72.6
Victoria,Cherries,Fruit,4262.15,74.04,1.0,74.04
Queensland,Cherries,Fruit,37.79,0.66,1.0,0.66
South Australia,Cherries,Fruit,2372.9,41.22,1.0,41.22
Western Australia,Cherries,Fruit,468.53,8.14,1.0,8.14
Tasmania,Cherries,Fruit,3793.61,65.9,1.0,65.9
New South Wales,Blueberries,Fruit,17300.63,361.41,1.0,361.41
Victoria,Blueberries,Fruit,404.22,8.44,1.0,8.44
Queensland,Blueberries,Fruit,757.91,15.83,1.0,15.83
South Australia,Blueberries,Fruit,101.06,2.11,1.0,2.11
Western Australia,Blueberries,Fruit,434.54,9.08,1.0,9.08
Tasmania,Blueberries,Fruit,1212.66,25.33,1.0,25.33
New South Wales,Avocados,Fruit,12966.0,63.01,0.65,40.96
Victoria,Avocados,Fruit,3615.0,17.57,0.65,11.42
Queensland,Avocados,Fruit,74957.0,364.25,0.65,236.76
South Australia,Avocados,Fruit,2994.0,14.55,0.65,9.46
Western Australia,Avocados,Fruit,20782.0,100.99,0.65,65.64
Tasmania,Avocados,Fruit,70.0,0.34,0.65,0.22
New South Wales,Muskmelons,Fruit,19295.68,28.78,0.65,18.71
Victoria,Muskmelons,Fruit,1808.97,2.7,0.65,1.76
Queensland,Muskmelons,Fruit,22913.62,34.17,0.65,22.21
South Australia,Muskmelons,Fruit,1205.98,1.8,0.65,1.17
Western Australia,Muskmelons,Fruit,8441.86,12.59,0.65,8.18
Northern Territory,Muskmelons,Fruit,6632.89,9.89,0.65,6.43
New South Wales,Watermelons,Fruit,53031.36,50.66,0.65,32.93
Victoria,Watermelons,Fruit,9943.38,9.5,0.65,6.17
Queensland,Watermelons,Fruit,56345.82,53.82,0.65,34.98
South Australia,Watermelons,Fruit,4971.69,4.75,0.65,3.09
Western Australia,Watermelons,Fruit,23201.22,22.16,0.65,14.4
Northern Territory,Watermelons,Fruit,18229.53,17.41,0.65,11.32
New South Wales,Plums,Fruit,4551.04,12.67,0.65,8.24
Victoria,Plums,Fruit,12197.63,33.95,0.65,22.07
Queensland,Plums,Fruit,1217.36,3.39,0.65,2.2
South Australia,Plums,Fruit,1241.44,3.46,0.65,2.25
Western Australia,Plums,Fruit,4770.78,13.28,0.65,8.63
Tasmania,Plums,Fruit,66.89,0.19,0.65,0.12
New South Wales,Strawberries,Fruit,658.24,4.29,0.4,1.72
Victoria,Strawberries,Fruit,23367.52,152.35,0.4,60.94
Queensland,Strawberries,Fruit,27646.08,180.24,0.4,72.1
South Australia,Strawberries,Fruit,4607.68,30.04,0.4,12.02
Western Australia,Strawberries,Fruit,6911.52,45.06,0.4,18.02
Tasmania,Strawberries,Fruit,2632.96,17.17,0.4,6.87
New South Wales,Rubus berries,Fruit,2454.98,50.38,0.8,40.3
Victoria,Rubus berries,Fruit,2775.19,56.96,0.8,45.57
Queensland,Rubus berries,Fruit,1707.81,35.05,0.8,28.04
South Australia,Rubus berries,Fruit,213.48,4.38,0.8,3.5
Western Australia,Rubus berries,Fruit,533.69,10.95,0.8,8.76
Tasmania,Rubus berries,Fruit,3095.4,63.53,0.8,50.82
New South Wales,Pears,Fruit,924.5,1.26,0.65,0.82
Victoria,Pears,Fruit,74884.86,102.11,0.65,66.37
Queensland,Pears,Fruit,924.5,1.26,0.65,0.82
South Australia,Pears,Fruit,8320.54,11.35,0.65,7.38
Western Australia,Pears,Fruit,6471.53,8.82,0.65,5.73
Tasmania,Pears,Fruit,924.5,1.26,0.65,0.82
New South Wales,Oranges,Fruit,315875.0,259.17,0.2,51.83
Victoria,Oranges,Fruit,74270.0,60.94,0.2,12.19
Queensland,Oranges,Fruit,4235.0,3.47,0.2,0.69
South Australia,Oranges,Fruit,119140.0,97.75,0.2,19.55
Western Australia,Oranges,Fruit,21665.0,17.78,0.2,3.56
New South Wales,Mandarins,Fruit,24220.0,44.96,0.2,8.99
Victoria,Mandarins,Fruit,25515.0,47.36,0.2,9.47
Queensland,Mandarins,Fruit,98560.0,182.95,0.2,36.59
South Australia,Mandarins,Fruit,41160.0,76.4,0.2,15.28
Western Australia,Mandarins,Fruit,8960.0,16.63,0.2,3.33
New South Wales,Macadamias,Nut,14246.0,30.61,0.9,27.55
Queensland,Macadamias,Nut,34154.0,73.39,0.9,66.05
Victoria,Almonds,Nut,54791.93,277.4,1.0,277.4
South Australia,Almonds,Nut,28946.68,146.55,1.0,146.55
New South Wales,Almonds,Nut,18608.58,94.21,1.0,94.21
Western Australia,Almonds,Nut,1033.81,5.23,1.0,5.23
